
INSERT INTO `user`(`name`, `email`, `password`, `user_type`, `gender`, `imageurl`) VALUES ('Umaid Khakwani','umaid@gmail.com','123456','1','Male','07-01-2023-1673128609-54295.jpg');
INSERT INTO `user`(`name`, `email`, `password`, `user_type`, `gender`, `imageurl`) VALUES ('Hanzla Sibghat','hanzla@gmail.com','123456','1','Male','07-01-2023-1673128736-93895.jpg');
INSERT INTO `user`(`name`, `email`, `password`, `user_type`, `gender`, `imageurl`) VALUES ('Waqas Ahmad','waqas@gmail.com','123456','2','Male','07-01-2023-1673128814-20872.jpg');
INSERT INTO `user`(`name`, `email`, `password`, `user_type`, `gender`, `imageurl`) VALUES ('Taha','taha@gmail.com','123456','2','Male','07-01-2023-1673128879-59766.jpg');
INSERT INTO `user`(`name`, `email`, `password`, `user_type`, `gender`, `imageurl`) VALUES ('Ahmad Arif','ahmad@gmail.com','123456','2','Male','07-01-2023-1673128958-92729.jpg');



INSERT INTO `consumed_calories`( `p_email`, `date_log`, `Calories`) VALUES ('umaid@gmail.com','2022-12-20','1000');
INSERT INTO `consumed_calories`( `p_email`, `date_log`, `Calories`) VALUES ('umaid@gmail.com','2022-12-21','3000');
INSERT INTO `consumed_calories`( `p_email`, `date_log`, `Calories`) VALUES ('umaid@gmail.com','2022-12-22','1500');
INSERT INTO `consumed_calories`( `p_email`, `date_log`, `Calories`) VALUES ('umaid@gmail.com','2022-12-23','2000');
INSERT INTO `consumed_calories`( `p_email`, `date_log`, `Calories`) VALUES ('umaid@gmail.com','2022-12-24','500');
INSERT INTO `consumed_calories`( `p_email`, `date_log`, `Calories`) VALUES ('umaid@gmail.com','2022-12-25','900');
INSERT INTO `consumed_calories`( `p_email`, `date_log`, `Calories`) VALUES ('umaid@gmail.com','2022-12-26','1800');
INSERT INTO `consumed_calories`( `p_email`, `date_log`, `Calories`) VALUES ('umaid@gmail.com','2022-12-27','2022');
INSERT INTO `consumed_calories`( `p_email`, `date_log`, `Calories`) VALUES ('umaid@gmail.com','2022-12-28','2200');
INSERT INTO `consumed_calories`( `p_email`, `date_log`, `Calories`) VALUES ('umaid@gmail.com','2022-12-29','1200');
INSERT INTO `consumed_calories`( `p_email`, `date_log`, `Calories`) VALUES ('umaid@gmail.com','2022-12-30','1700');
INSERT INTO `consumed_calories`( `p_email`, `date_log`, `Calories`) VALUES ('umaid@gmail.com','2022-12-31','1900');
INSERT INTO `consumed_calories`( `p_email`, `date_log`, `Calories`) VALUES ('umaid@gmail.com','2023-01-01','1000');
INSERT INTO `consumed_calories`( `p_email`, `date_log`, `Calories`) VALUES ('umaid@gmail.com','2023-01-02','550');
INSERT INTO `consumed_calories`( `p_email`, `date_log`, `Calories`) VALUES ('umaid@gmail.com','2023-01-03','900');
INSERT INTO `consumed_calories`( `p_email`, `date_log`, `Calories`) VALUES ('umaid@gmail.com','2023-01-04','1100');

INSERT INTO `consumed_calories`( `p_email`, `date_log`, `Calories`) VALUES ('umaid@gmail.com','2023-01-05','600');
INSERT INTO `consumed_calories`( `p_email`, `date_log`, `Calories`) VALUES ('umaid@gmail.com','2023-01-06','1100');
INSERT INTO `consumed_calories`( `p_email`, `date_log`, `Calories`) VALUES ('umaid@gmail.com','2023-01-07','1300');
INSERT INTO `consumed_calories`( `p_email`, `date_log`, `Calories`) VALUES ('umaid@gmail.com','2023-01-08','1500');


INSERT INTO `weekly_steps`( `Demail`,`steps_daily`, `date_log`, `Burnt_Calories`) VALUES ('umaid@gmail.com','500','2022-12-20','500');
INSERT INTO `weekly_steps`( `Demail`,`steps_daily`, `date_log`, `Burnt_Calories`) VALUES ('umaid@gmail.com','1000','2022-12-21','200');
INSERT INTO `weekly_steps`( `Demail`,`steps_daily`, `date_log`, `Burnt_Calories`) VALUES ('umaid@gmail.com','3000','2022-12-22','550');
INSERT INTO `weekly_steps`( `Demail`,`steps_daily`, `date_log`, `Burnt_Calories`) VALUES ('umaid@gmail.com','2000','2022-12-23','600');
INSERT INTO `weekly_steps`( `Demail`,`steps_daily`, `date_log`, `Burnt_Calories`) VALUES ('umaid@gmail.com','1500','2022-12-24','670');
INSERT INTO `weekly_steps`( `Demail`,`steps_daily`, `date_log`, `Burnt_Calories`) VALUES ('umaid@gmail.com','1100','2022-12-25','679');
INSERT INTO `weekly_steps`( `Demail`,`steps_daily`, `date_log`, `Burnt_Calories`) VALUES ('umaid@gmail.com','1400','2022-12-26','170');
INSERT INTO `weekly_steps`( `Demail`,`steps_daily`, `date_log`, `Burnt_Calories`) VALUES ('umaid@gmail.com','1900','2022-12-27','800');
INSERT INTO `weekly_steps`( `Demail`,`steps_daily`, `date_log`, `Burnt_Calories`) VALUES ('umaid@gmail.com','1800','2022-12-28','1000');
INSERT INTO `weekly_steps`( `Demail`,`steps_daily`, `date_log`, `Burnt_Calories`) VALUES ('umaid@gmail.com','2200','2022-12-29','1400');
INSERT INTO `weekly_steps`( `Demail`,`steps_daily`, `date_log`, `Burnt_Calories`) VALUES ('umaid@gmail.com','2400','2022-12-30','1000');
INSERT INTO `weekly_steps`( `Demail`,`steps_daily`, `date_log`, `Burnt_Calories`) VALUES ('umaid@gmail.com','2700','2022-12-31','2300');
INSERT INTO `weekly_steps`( `Demail`,`steps_daily`, `date_log`, `Burnt_Calories`) VALUES ('umaid@gmail.com','3000','2023-01-01','2300');
INSERT INTO `weekly_steps`( `Demail`,`steps_daily`, `date_log`, `Burnt_Calories`) VALUES ('umaid@gmail.com','3200','2023-01-02','2400');
INSERT INTO `weekly_steps`( `Demail`,`steps_daily`, `date_log`, `Burnt_Calories`) VALUES ('umaid@gmail.com','400','2023-01-03','900');
INSERT INTO `weekly_steps`( `Demail`,`steps_daily`, `date_log`, `Burnt_Calories`) VALUES ('umaid@gmail.com','1000','2023-01-04','1100');
INSERT INTO `weekly_steps`( `Demail`,`steps_daily`, `date_log`, `Burnt_Calories`) VALUES ('umaid@gmail.com','3000','2023-01-05','2300');
INSERT INTO `weekly_steps`( `Demail`,`steps_daily`, `date_log`, `Burnt_Calories`) VALUES ('umaid@gmail.com','3200','2023-01-06','2400');
INSERT INTO `weekly_steps`( `Demail`,`steps_daily`, `date_log`, `Burnt_Calories`) VALUES ('umaid@gmail.com','400','2023-01-07','900');
INSERT INTO `weekly_steps`( `Demail`,`steps_daily`, `date_log`, `Burnt_Calories`) VALUES ('umaid@gmail.com','1000','2023-01-08','1100');



INSERT INTO `consumed_calories`( `p_email`, `date_log`, `Calories`) VALUES ('hanzla@gmail.com','2022-12-20','1000');
INSERT INTO `consumed_calories`( `p_email`, `date_log`, `Calories`) VALUES ('hanzla@gmail.com','2022-12-21','3000');
INSERT INTO `consumed_calories`( `p_email`, `date_log`, `Calories`) VALUES ('hanzla@gmail.com','2022-12-22','1500');
INSERT INTO `consumed_calories`( `p_email`, `date_log`, `Calories`) VALUES ('hanzla@gmail.com','2022-12-23','2000');
INSERT INTO `consumed_calories`( `p_email`, `date_log`, `Calories`) VALUES ('hanzla@gmail.com','2022-12-24','500');
INSERT INTO `consumed_calories`( `p_email`, `date_log`, `Calories`) VALUES ('hanzla@gmail.com','2022-12-25','900');
INSERT INTO `consumed_calories`( `p_email`, `date_log`, `Calories`) VALUES ('hanzla@gmail.com','2022-12-26','1800');
INSERT INTO `consumed_calories`( `p_email`, `date_log`, `Calories`) VALUES ('hanzla@gmail.com','2022-12-27','2022');
INSERT INTO `consumed_calories`( `p_email`, `date_log`, `Calories`) VALUES ('hanzla@gmail.com','2022-12-28','2200');
INSERT INTO `consumed_calories`( `p_email`, `date_log`, `Calories`) VALUES ('hanzla@gmail.com','2022-12-29','1200');
INSERT INTO `consumed_calories`( `p_email`, `date_log`, `Calories`) VALUES ('hanzla@gmail.com','2022-12-30','1700');
INSERT INTO `consumed_calories`( `p_email`, `date_log`, `Calories`) VALUES ('hanzla@gmail.com','2022-12-31','1900');
INSERT INTO `consumed_calories`( `p_email`, `date_log`, `Calories`) VALUES ('hanzla@gmail.com','2023-01-01','1000');
INSERT INTO `consumed_calories`( `p_email`, `date_log`, `Calories`) VALUES ('hanzla@gmail.com','2023-01-02','550');
INSERT INTO `consumed_calories`( `p_email`, `date_log`, `Calories`) VALUES ('hanzla@gmail.com','2023-01-03','900');
INSERT INTO `consumed_calories`( `p_email`, `date_log`, `Calories`) VALUES ('hanzla@gmail.com','2023-01-04','1100');
INSERT INTO `consumed_calories`( `p_email`, `date_log`, `Calories`) VALUES ('hanzla@gmail.com','2023-01-05','1000');
INSERT INTO `consumed_calories`( `p_email`, `date_log`, `Calories`) VALUES ('hanzla@gmail.com','2023-01-06','550');
INSERT INTO `consumed_calories`( `p_email`, `date_log`, `Calories`) VALUES ('hanzla@gmail.com','2023-01-07','900');
INSERT INTO `consumed_calories`( `p_email`, `date_log`, `Calories`) VALUES ('hanzla@gmail.com','2023-01-08','1100');


INSERT INTO `weekly_steps`( `Demail`,`steps_daily`, `date_log`, `Burnt_Calories`) VALUES ('hanzla@gmail.com','500','2022-12-20','500');
INSERT INTO `weekly_steps`( `Demail`,`steps_daily`, `date_log`, `Burnt_Calories`) VALUES ('hanzla@gmail.com','1000','2022-12-21','200');
INSERT INTO `weekly_steps`( `Demail`,`steps_daily`, `date_log`, `Burnt_Calories`) VALUES ('hanzla@gmail.com','3000','2022-12-22','550');
INSERT INTO `weekly_steps`( `Demail`,`steps_daily`, `date_log`, `Burnt_Calories`) VALUES ('hanzla@gmail.com','2000','2022-12-23','600');
INSERT INTO `weekly_steps`( `Demail`,`steps_daily`, `date_log`, `Burnt_Calories`) VALUES ('hanzla@gmail.com','1500','2022-12-24','670');
INSERT INTO `weekly_steps`( `Demail`,`steps_daily`, `date_log`, `Burnt_Calories`) VALUES ('hanzla@gmail.com','1100','2022-12-25','679');
INSERT INTO `weekly_steps`( `Demail`,`steps_daily`, `date_log`, `Burnt_Calories`) VALUES ('hanzla@gmail.com','1400','2022-12-26','170');
INSERT INTO `weekly_steps`( `Demail`,`steps_daily`, `date_log`, `Burnt_Calories`) VALUES ('hanzla@gmail.com','1900','2022-12-27','800');
INSERT INTO `weekly_steps`( `Demail`,`steps_daily`, `date_log`, `Burnt_Calories`) VALUES ('hanzla@gmail.com','1800','2022-12-28','1000');
INSERT INTO `weekly_steps`( `Demail`,`steps_daily`, `date_log`, `Burnt_Calories`) VALUES ('hanzla@gmail.com','2200','2022-12-29','1400');
INSERT INTO `weekly_steps`( `Demail`,`steps_daily`, `date_log`, `Burnt_Calories`) VALUES ('hanzla@gmail.com','2400','2022-12-30','1000');
INSERT INTO `weekly_steps`( `Demail`,`steps_daily`, `date_log`, `Burnt_Calories`) VALUES ('hanzla@gmail.com','2700','2022-12-31','2300');
INSERT INTO `weekly_steps`( `Demail`,`steps_daily`, `date_log`, `Burnt_Calories`) VALUES ('hanzla@gmail.com','3000','2023-01-01','2300');
INSERT INTO `weekly_steps`( `Demail`,`steps_daily`, `date_log`, `Burnt_Calories`) VALUES ('hanzla@gmail.com','3200','2023-01-02','2400');
INSERT INTO `weekly_steps`( `Demail`,`steps_daily`, `date_log`, `Burnt_Calories`) VALUES ('hanzla@gmail.com','400','2023-01-03','900');
INSERT INTO `weekly_steps`( `Demail`,`steps_daily`, `date_log`, `Burnt_Calories`) VALUES ('hanzla@gmail.com','1000','2023-01-04','1100');
INSERT INTO `weekly_steps`( `Demail`,`steps_daily`, `date_log`, `Burnt_Calories`) VALUES ('hanzla@gmail.com','3000','2023-01-05','2300');
INSERT INTO `weekly_steps`( `Demail`,`steps_daily`, `date_log`, `Burnt_Calories`) VALUES ('hanzla@gmail.com','3200','2023-01-06','2400');
INSERT INTO `weekly_steps`( `Demail`,`steps_daily`, `date_log`, `Burnt_Calories`) VALUES ('hanzla@gmail.com','400','2023-01-07','900');
INSERT INTO `weekly_steps`( `Demail`,`steps_daily`, `date_log`, `Burnt_Calories`) VALUES ('hanzla@gmail.com','1000','2023-01-08','1100');



INSERT INTO `daily_steps`( `Demail`, `steps_daily`, `date_log`, `motion`, `Burnt_Calories`) VALUES ('umaid@gmail.com','20','2023-01-08','Resting','0.8');
INSERT INTO `daily_steps`( `Demail`, `steps_daily`, `date_log`, `motion`, `Burnt_Calories`) VALUES ('hanzla@gmail.com','20','2023-01-08','Resting','0.8');


INSERT INTO `patient_appointment`(`p_name`, `p_email`, `appoint_status`, `Time1`, `Date1`, `d_name`, `d_email`) VALUES ('Umaid Khakwani','umaid@gmail.com','Accepted','6:40','13-1-2023','Taha','taha@gmail.com');
INSERT INTO `patient_appointment`(`p_name`, `p_email`, `appoint_status`, `d_name`, `d_email`) VALUES ('Umaid Khakwani','umaid@gmail.com','Pending','Waqas Ahmad','waqas@gmail.com');
INSERT INTO `patient_appointment`(`p_name`, `p_email`, `appoint_status`,`d_name`, `d_email`) VALUES ('Hanzla Sibghat','hanzla@gmail.com','Pending','Ahmad Arif','ahmad@gmail.com');
INSERT INTO `patient_appointment`(`p_name`, `p_email`, `appoint_status`, `Time1`, `Date1`, `d_name`, `d_email`) VALUES ('Hanzla Sibghat','hanzla@gmail.com','Accepted','9:40','13-1-2023','Taha','taha@gmail.com');


INSERT INTO `doctor_appointment`(`d_name`, `d_email`, `appoint_status`, `p_name`, `p_email`) VALUES ('Ahmad Arif','ahmad@gmail.com','Pending','Hanzla Sibghat','hanzla@gmail.com');
INSERT INTO `doctor_appointment`(`d_name`, `d_email`, `appoint_status`, `Time1`, `Date1`, `p_name`, `p_email`) VALUES ('Taha','taha@gmail.com','Accepted','9:40','13-1-2023','Hanzla Sibghat','hanzla@gmail.com');
INSERT INTO `doctor_appointment`(`d_name`, `d_email`, `appoint_status`, `Time1`, `Date1`, `p_name`, `p_email`) VALUES ('Taha','taha@gmail.com','Accepted','6:40','13-1-2023','Umaid Khakwani','umaid@gmail.com');
INSERT INTO `doctor_appointment`(`d_name`, `d_email`, `appoint_status`, `p_name`, `p_email`) VALUES ('Waqas Ahmad','waqas@gmail.com','Pending','Umaid Khakwani','umaid@gmail.com');



INSERT INTO `test_record` ( `Temail`, `imageurl`, `details`, `image_link`) VALUES
('umaid@gmail.com', '30-01-2023-1675091446-96838.jpg', 'waqas birthday', 'https://firebasestorage.googleapis.com/v0/b/remotecare-e1d52.appspot.com/o/test_record%2F1675091444061.jpg?alt=media&token=6a898731-db96-4a6d-94d8-b313884aec93'),
('umaid@gmail.com', '30-01-2023-1675091511-88052.jpg', 'restaurant chatkhara', 'https://firebasestorage.googleapis.com/v0/b/remotecare-e1d52.appspot.com/o/test_record%2F1675091494386.jpg?alt=media&token=04d3ec64-8770-44f0-94bc-30cb44976ce2'),
( 'umaid@gmail.com', '30-01-2023-1675091545-88420.jpg', 'Fast', 'https://firebasestorage.googleapis.com/v0/b/remotecare-e1d52.appspot.com/o/test_record%2F1675091539331.jpg?alt=media&token=d4ef90c5-9d3e-47a3-9a91-78a273138b29'),
( 'umaid@gmail.com', '30-01-2023-1675091577-28690.jpg', 'last day of semester', 'https://firebasestorage.googleapis.com/v0/b/remotecare-e1d52.appspot.com/o/test_record%2F1675091570583.jpg?alt=media&token=9a08bf53-0b8a-4297-afbc-a71bb08e8cdc'),
( 'umaid@gmail.com', '30-01-2023-1675091610-80441.jpg', 'weather update', 'https://firebasestorage.googleapis.com/v0/b/remotecare-e1d52.appspot.com/o/test_record%2F1675091604628.jpg?alt=media&token=ba6f1639-fea7-46f6-9b34-178c777cfa63');



INSERT INTO `appointment_history` (`d_name`, `d_email`, `Time1`, `Date1`, `p_name`, `p_email`) VALUES
('Waqas Ahmad', 'waqas@gmail.com', '20:2', '27-1-2023', 'Umaid Khakwani', 'umaid@gmail.com'),
('Waqas Ahmad', 'waqas@gmail.com', '18:2', '28-1-2023', 'Hanzla Sibghat', 'hanzla@gmail.com'),
('Ahmad Arif', 'ahmad@gmail.com', '13:7', '23-1-2023', 'Umaid Khakwani', 'umaid@gmail.com'),
('Ahmad Arif', 'ahmad@gmail.com', '17:20', '26-1-2023', 'Hanzla Sibghat', 'hanzla@gmail.com'),
('Taha', 'taha@gmail.com', '15:25', '29-1-2023', 'Umaid Khakwani', 'umaid@gmail.com');